start	end	type	var
4324	4325	IS_AST_PARENT	
4324	4326	IS_AST_PARENT	
4323	4324	IS_AST_PARENT	
4322	4323	IS_AST_PARENT	
4328	4329	IS_AST_PARENT	
4328	4330	IS_AST_PARENT	
4327	4328	IS_AST_PARENT	
4322	4327	IS_AST_PARENT	
4332	4333	IS_AST_PARENT	
4332	4334	IS_AST_PARENT	
4331	4332	IS_AST_PARENT	
4322	4331	IS_AST_PARENT	
4336	4337	IS_AST_PARENT	
4336	4338	IS_AST_PARENT	
4335	4336	IS_AST_PARENT	
4322	4335	IS_AST_PARENT	
4340	4341	IS_AST_PARENT	
4340	4342	IS_AST_PARENT	
4339	4340	IS_AST_PARENT	
4322	4339	IS_AST_PARENT	
4344	4345	IS_AST_PARENT	
4344	4346	IS_AST_PARENT	
4343	4344	IS_AST_PARENT	
4322	4343	IS_AST_PARENT	
4348	4349	IS_AST_PARENT	
4348	4350	IS_AST_PARENT	
4351	4352	IS_AST_PARENT	
4351	4353	IS_AST_PARENT	
4348	4351	IS_AST_PARENT	
4347	4348	IS_AST_PARENT	
4322	4347	IS_AST_PARENT	
4356	4357	IS_AST_PARENT	
4355	4356	IS_AST_PARENT	
4359	4360	IS_AST_PARENT	
4358	4359	IS_AST_PARENT	
4361	4362	IS_AST_PARENT	
4358	4361	IS_AST_PARENT	
4355	4358	IS_AST_PARENT	
4354	4355	IS_AST_PARENT	
4322	4354	IS_AST_PARENT	
4364	4365	IS_AST_PARENT	
4367	4368	IS_AST_PARENT	
4367	4369	IS_AST_PARENT	
4366	4367	IS_AST_PARENT	
4366	4370	IS_AST_PARENT	
4364	4366	IS_AST_PARENT	
4363	4364	IS_AST_PARENT	
4322	4363	IS_AST_PARENT	
4373	4374	IS_AST_PARENT	
4376	4377	IS_AST_PARENT	
4375	4376	IS_AST_PARENT	
4379	4380	IS_AST_PARENT	
4378	4379	IS_AST_PARENT	
4381	4382	IS_AST_PARENT	
4378	4381	IS_AST_PARENT	
4383	4384	IS_AST_PARENT	
4378	4383	IS_AST_PARENT	
4385	4386	IS_AST_PARENT	
4378	4385	IS_AST_PARENT	
4375	4378	IS_AST_PARENT	
4373	4375	IS_AST_PARENT	
4372	4373	IS_AST_PARENT	
4371	4372	IS_AST_PARENT	
4387	4388	IS_AST_PARENT	
4371	4387	IS_AST_PARENT	
4322	4371	IS_AST_PARENT	
4390	4391	IS_AST_PARENT	
4393	4394	IS_AST_PARENT	
4392	4393	IS_AST_PARENT	
4398	4399	IS_AST_PARENT	
4398	4400	IS_AST_PARENT	
4397	4398	IS_AST_PARENT	
4397	4401	IS_AST_PARENT	
4396	4397	IS_AST_PARENT	
4395	4396	IS_AST_PARENT	
4403	4404	IS_AST_PARENT	
4406	4407	IS_AST_PARENT	
4406	4408	IS_AST_PARENT	
4405	4406	IS_AST_PARENT	
4405	4409	IS_AST_PARENT	
4403	4405	IS_AST_PARENT	
4402	4403	IS_AST_PARENT	
4395	4402	IS_AST_PARENT	
4392	4395	IS_AST_PARENT	
4390	4392	IS_AST_PARENT	
4389	4390	IS_AST_PARENT	
4322	4389	IS_AST_PARENT	
4412	4413	IS_AST_PARENT	
4412	4414	IS_AST_PARENT	
4411	4412	IS_AST_PARENT	
4410	4411	IS_AST_PARENT	
4416	4417	IS_AST_PARENT	
4416	4418	IS_AST_PARENT	
4415	4416	IS_AST_PARENT	
4410	4415	IS_AST_PARENT	
4419	4420	IS_AST_PARENT	
4419	4421	IS_AST_PARENT	
4410	4419	IS_AST_PARENT	
4424	4425	IS_AST_PARENT	
4427	4428	IS_AST_PARENT	
4426	4427	IS_AST_PARENT	
4432	4433	IS_AST_PARENT	
4432	4434	IS_AST_PARENT	
4431	4432	IS_AST_PARENT	
4431	4435	IS_AST_PARENT	
4430	4431	IS_AST_PARENT	
4429	4430	IS_AST_PARENT	
4437	4438	IS_AST_PARENT	
4440	4441	IS_AST_PARENT	
4440	4442	IS_AST_PARENT	
4439	4440	IS_AST_PARENT	
4443	4444	IS_AST_PARENT	
4443	4445	IS_AST_PARENT	
4439	4443	IS_AST_PARENT	
4437	4439	IS_AST_PARENT	
4436	4437	IS_AST_PARENT	
4429	4436	IS_AST_PARENT	
4426	4429	IS_AST_PARENT	
4424	4426	IS_AST_PARENT	
4423	4424	IS_AST_PARENT	
4422	4423	IS_AST_PARENT	
4410	4422	IS_AST_PARENT	
4322	4410	IS_AST_PARENT	
4447	4448	IS_AST_PARENT	
4446	4447	IS_AST_PARENT	
4449	4450	IS_AST_PARENT	
4446	4449	IS_AST_PARENT	
4322	4446	IS_AST_PARENT	
4453	4454	IS_AST_PARENT	
4452	4453	IS_AST_PARENT	
4457	4458	IS_AST_PARENT	
4457	4459	IS_AST_PARENT	
4456	4457	IS_AST_PARENT	
4455	4456	IS_AST_PARENT	
4461	4462	IS_AST_PARENT	
4461	4463	IS_AST_PARENT	
4460	4461	IS_AST_PARENT	
4455	4460	IS_AST_PARENT	
4452	4455	IS_AST_PARENT	
4451	4452	IS_AST_PARENT	
4322	4451	IS_AST_PARENT	
4466	4467	IS_AST_PARENT	
4465	4466	IS_AST_PARENT	
4469	4470	IS_AST_PARENT	
4468	4469	IS_AST_PARENT	
4472	4473	IS_AST_PARENT	
4472	4474	IS_AST_PARENT	
4471	4472	IS_AST_PARENT	
4468	4471	IS_AST_PARENT	
4475	4476	IS_AST_PARENT	
4468	4475	IS_AST_PARENT	
4465	4468	IS_AST_PARENT	
4464	4465	IS_AST_PARENT	
4322	4464	IS_AST_PARENT	
4480	4481	IS_AST_PARENT	
4479	4480	IS_AST_PARENT	
4483	4484	IS_AST_PARENT	
4482	4483	IS_AST_PARENT	
4486	4487	IS_AST_PARENT	
4488	4489	IS_AST_PARENT	
4488	4490	IS_AST_PARENT	
4486	4488	IS_AST_PARENT	
4485	4486	IS_AST_PARENT	
4482	4485	IS_AST_PARENT	
4492	4493	IS_AST_PARENT	
4492	4494	IS_AST_PARENT	
4491	4492	IS_AST_PARENT	
4482	4491	IS_AST_PARENT	
4479	4482	IS_AST_PARENT	
4478	4479	IS_AST_PARENT	
4477	4478	IS_AST_PARENT	
4495	4496	IS_AST_PARENT	
4477	4495	IS_AST_PARENT	
4322	4477	IS_AST_PARENT	
4499	4500	IS_AST_PARENT	
4498	4499	IS_AST_PARENT	
4502	4503	IS_AST_PARENT	
4501	4502	IS_AST_PARENT	
4504	4505	IS_AST_PARENT	
4501	4504	IS_AST_PARENT	
4506	4507	IS_AST_PARENT	
4501	4506	IS_AST_PARENT	
4498	4501	IS_AST_PARENT	
4497	4498	IS_AST_PARENT	
4322	4497	IS_AST_PARENT	
4508	4509	IS_AST_PARENT	
4322	4508	IS_AST_PARENT	
4510	4511	IS_AST_PARENT	
4322	4510	IS_AST_PARENT	
4514	4515	IS_AST_PARENT	
4513	4514	IS_AST_PARENT	
4517	4518	IS_AST_PARENT	
4516	4517	IS_AST_PARENT	
4519	4520	IS_AST_PARENT	
4516	4519	IS_AST_PARENT	
4521	4522	IS_AST_PARENT	
4516	4521	IS_AST_PARENT	
4513	4516	IS_AST_PARENT	
4512	4513	IS_AST_PARENT	
4322	4512	IS_AST_PARENT	
4525	4526	IS_AST_PARENT	
4524	4525	IS_AST_PARENT	
4528	4529	IS_AST_PARENT	
4527	4528	IS_AST_PARENT	
4524	4527	IS_AST_PARENT	
4523	4524	IS_AST_PARENT	
4322	4523	IS_AST_PARENT	
4530	4531	IS_AST_PARENT	
4322	4530	IS_AST_PARENT	
4321	4322	IS_AST_PARENT	
4321	4532	IS_AST_PARENT	
4321	4533	IS_AST_PARENT	
4535	4536	IS_AST_PARENT	
4535	4537	IS_AST_PARENT	
4534	4535	IS_AST_PARENT	
4321	4534	IS_AST_PARENT	
4538	4535	FLOWS_TO	
4535	4323	FLOWS_TO	
4323	4327	FLOWS_TO	
4327	4331	FLOWS_TO	
4331	4335	FLOWS_TO	
4335	4339	FLOWS_TO	
4339	4343	FLOWS_TO	
4343	4347	FLOWS_TO	
4347	4354	FLOWS_TO	
4354	4363	FLOWS_TO	
4363	4372	FLOWS_TO	
4372	4387	FLOWS_TO	
4372	4389	FLOWS_TO	
4387	4510	FLOWS_TO	
4389	4411	FLOWS_TO	
4415	4423	FLOWS_TO	
4415	4447	FLOWS_TO	
4411	4415	FLOWS_TO	
4419	4415	FLOWS_TO	
4423	4419	FLOWS_TO	
4447	4449	FLOWS_TO	
4447	4451	FLOWS_TO	
4449	4510	FLOWS_TO	
4451	4464	FLOWS_TO	
4464	4478	FLOWS_TO	
4478	4495	FLOWS_TO	
4478	4497	FLOWS_TO	
4495	4510	FLOWS_TO	
4497	4508	FLOWS_TO	
4508	4539	FLOWS_TO	
4510	4512	FLOWS_TO	
4512	4523	FLOWS_TO	
4523	4530	FLOWS_TO	
4530	4539	FLOWS_TO	
4389	4540	USE	
4405	4540	USE	
4423	4540	USE	
4436	4540	USE	
4439	4540	USE	
4372	4541	USE	
4389	4542	USE	
4405	4542	USE	
4363	4543	USE	
4364	4543	USE	
4478	4544	USE	
4389	4545	USE	
4390	4545	USE	
4423	4545	USE	
4424	4545	USE	
4327	4546	DEF	
4328	4546	DEF	
4363	4546	DEF	
4364	4546	DEF	
4372	4546	USE	
4383	4546	USE	
4497	4546	USE	
4504	4546	USE	
4512	4546	USE	
4519	4546	USE	
4331	4547	DEF	
4332	4547	DEF	
4451	4548	USE	
4460	4548	USE	
4363	4549	USE	
4364	4549	USE	
4389	4550	USE	
4396	4550	USE	
4423	4550	USE	
4430	4550	USE	
4389	4551	USE	
4402	4551	USE	
4478	4551	USE	
4485	4551	USE	
4464	4552	USE	
4475	4552	USE	
4347	4553	DEF	
4348	4553	DEF	
4351	4553	DEF	
4389	4553	USE	
4390	4553	USE	
4389	4553	DEF	
4390	4553	DEF	
4423	4553	USE	
4424	4553	USE	
4423	4553	DEF	
4424	4553	DEF	
4447	4553	USE	
4464	4554	USE	
4469	4554	USE	
4343	4555	DEF	
4344	4555	DEF	
4415	4555	USE	
4411	4555	DEF	
4412	4555	DEF	
4419	4555	USE	
4419	4555	DEF	
4423	4555	USE	
4431	4555	USE	
4436	4555	USE	
4439	4555	USE	
4363	4556	USE	
4366	4556	USE	
4372	4557	USE	
4379	4557	USE	
4478	4558	USE	
4491	4558	USE	
4535	4559	DEF	
4363	4559	USE	
4367	4559	USE	
4478	4559	USE	
4483	4559	USE	
4389	4560	USE	
4396	4560	USE	
4423	4560	USE	
4430	4560	USE	
4354	4561	USE	
4359	4561	USE	
4389	4562	USE	
4402	4562	USE	
4415	4563	USE	
4523	4564	USE	
4528	4564	USE	
4335	4565	DEF	
4336	4565	DEF	
4389	4565	USE	
4397	4565	USE	
4398	4565	USE	
4423	4565	USE	
4431	4565	USE	
4432	4565	USE	
4423	4566	USE	
4430	4566	USE	
4451	4567	USE	
4456	4567	USE	
4464	4567	USE	
4471	4567	USE	
4423	4568	USE	
4439	4568	USE	
4436	4568	USE	
4363	4569	USE	
4366	4569	USE	
4389	4570	USE	
4397	4570	USE	
4423	4570	USE	
4431	4570	USE	
4339	4571	DEF	
4340	4571	DEF	
4508	4571	USE	
4323	4572	DEF	
4324	4572	DEF	
4372	4572	USE	
4381	4572	USE	
4389	4572	USE	
4406	4572	USE	
4402	4572	USE	
4423	4572	USE	
4440	4572	USE	
4478	4572	USE	
4485	4572	USE	
4488	4572	USE	
4497	4572	USE	
4502	4572	USE	
4512	4572	USE	
4517	4572	USE	
4363	4372	REACHES	frame_addr
4363	4497	REACHES	frame_addr
4363	4512	REACHES	frame_addr
4347	4389	REACHES	err
4389	4423	REACHES	err
4423	4423	REACHES	err
4389	4447	REACHES	err
4423	4447	REACHES	err
4419	4415	REACHES	i
4411	4415	REACHES	i
4419	4419	REACHES	i
4411	4419	REACHES	i
4419	4423	REACHES	i
4411	4423	REACHES	i
4535	4363	REACHES	regs
4535	4478	REACHES	regs
4335	4389	REACHES	target_set
4335	4423	REACHES	target_set
4339	4508	REACHES	r0
4323	4372	REACHES	frame
4323	4389	REACHES	frame
4323	4423	REACHES	frame
4323	4478	REACHES	frame
4323	4497	REACHES	frame
4323	4512	REACHES	frame
4538	4535	CONTROLS	
4538	4323	CONTROLS	
4538	4327	CONTROLS	
4538	4331	CONTROLS	
4538	4335	CONTROLS	
4538	4339	CONTROLS	
4538	4343	CONTROLS	
4538	4347	CONTROLS	
4538	4354	CONTROLS	
4538	4363	CONTROLS	
4538	4372	CONTROLS	
4372	4387	CONTROLS	
4372	4510	CONTROLS	
4372	4512	CONTROLS	
4372	4523	CONTROLS	
4372	4530	CONTROLS	
4372	4389	CONTROLS	
4372	4411	CONTROLS	
4372	4415	CONTROLS	
4372	4447	CONTROLS	
4415	4423	CONTROLS	
4415	4419	CONTROLS	
4447	4449	CONTROLS	
4447	4510	CONTROLS	
4447	4512	CONTROLS	
4447	4523	CONTROLS	
4447	4530	CONTROLS	
4447	4451	CONTROLS	
4447	4464	CONTROLS	
4447	4478	CONTROLS	
4478	4495	CONTROLS	
4478	4510	CONTROLS	
4478	4512	CONTROLS	
4478	4523	CONTROLS	
4478	4530	CONTROLS	
4478	4497	CONTROLS	
4478	4508	CONTROLS	
4478	4495	DOM	
4415	4423	DOM	
4497	4508	DOM	
4323	4327	DOM	
4372	4510	DOM	
4478	4497	DOM	
4389	4411	DOM	
4464	4478	DOM	
4535	4323	DOM	
4343	4347	DOM	
4510	4512	DOM	
4347	4354	DOM	
4415	4447	DOM	
4538	4535	DOM	
4331	4335	DOM	
4523	4530	DOM	
4354	4363	DOM	
4363	4372	DOM	
4372	4387	DOM	
4327	4331	DOM	
4411	4415	DOM	
4447	4451	DOM	
4451	4464	DOM	
4335	4339	DOM	
4512	4523	DOM	
4423	4419	DOM	
4339	4343	DOM	
4538	4538	DOM	
4372	4539	DOM	
4447	4449	DOM	
4372	4389	DOM	
4510	4495	POST_DOM	
4419	4423	POST_DOM	
4539	4508	POST_DOM	
4331	4327	POST_DOM	
4512	4510	POST_DOM	
4508	4497	POST_DOM	
4415	4411	POST_DOM	
4539	4478	POST_DOM	
4327	4323	POST_DOM	
4354	4347	POST_DOM	
4523	4512	POST_DOM	
4363	4354	POST_DOM	
4539	4447	POST_DOM	
4323	4535	POST_DOM	
4339	4335	POST_DOM	
4539	4530	POST_DOM	
4539	4372	POST_DOM	
4372	4363	POST_DOM	
4510	4387	POST_DOM	
4335	4331	POST_DOM	
4478	4464	POST_DOM	
4464	4451	POST_DOM	
4447	4415	POST_DOM	
4343	4339	POST_DOM	
4530	4523	POST_DOM	
4415	4419	POST_DOM	
4347	4343	POST_DOM	
4535	4538	POST_DOM	
4539	4539	POST_DOM	
4510	4449	POST_DOM	
4411	4389	POST_DOM	
4320	4321	IS_FUNCTION_OF_AST	
4320	4538	IS_FUNCTION_OF_CFG	
4319	4320	IS_FILE_OF	
